CustomerID,PurchaseDate,TransactionAmount,ProductInformation,OrderID,Location
8814,4/11/2023,943.31,Product C,890075,Tokyo
2188,4/11/2023,463.7,Product A,176819,London
4608,4/11/2023,80.28,Product A,340062,New York
2559,4/11/2023,221.29,Product A,239145,London
9482,4/11/2023,739.56,Product A,194545,Paris
8483,4/11/2023,375.23,Product C,691194,Paris
8317,4/11/2023,272.56,Product B,826847,New York
6911,4/11/2023,433.33,Product C,963918,Tokyo
8993,4/12/2023,16.55,Product D,112426,New York
3519,4/12/2023,464.63,Product C,139726,New York
9005,4/12/2023,120.75,Product C,972064,Paris
9409,4/12/2023,865.98,Product A,597126,London
5670,4/12/2023,392.7,Product B,995296,London
8724,4/12/2023,623.35,Product C,739717,London
9148,4/12/2023,99.15,Product D,629996,Tokyo
5837,4/12/2023,978.17,Product D,387813,New York
2767,4/12/2023,299.57,Product D,342397,Tokyo
2824,4/12/2023,744.13,Product B,334053,London
9128,4/12/2023,388.9,Product D,281201,Paris
1520,4/12/2023,102.76,Product B,629903,New York
8719,4/12/2023,338.56,Product B,313701,Paris
8529,4/12/2023,132.99,Product B,562721,Tokyo
8705,4/12/2023,751.53,Product A,466960,London
6347,4/12/2023,637.78,Product D,614435,London
4161,4/12/2023,692.36,Product C,859587,London
2228,4/12/2023,997.19,Product B,777366,Tokyo
6638,4/12/2023,417.64,Product C,812597,London
5533,4/13/2023,13.51,Product B,768061,Paris
9871,4/13/2023,849.53,Product C,750817,Paris
9864,4/13/2023,621.28,Product B,761820,Paris
1146,4/13/2023,585.27,Product D,821846,London
9115,4/13/2023,134.98,Product C,205239,Tokyo
5494,4/13/2023,974.55,Product C,831295,London
4190,4/13/2023,786.12,Product B,745073,London
5583,4/13/2023,693.38,Product B,564920,Tokyo
2617,4/13/2023,575.3,Product D,789880,Tokyo
6878,4/13/2023,226.63,Product D,343007,New York
5349,4/13/2023,117.32,Product D,462479,Paris
5173,4/13/2023,711.7,Product A,645175,London
8216,4/13/2023,924.97,Product B,309385,Paris
4302,4/13/2023,793.2,Product A,430926,Paris
5087,4/13/2023,461.88,Product C,838862,London
2524,4/13/2023,922.06,Product D,834891,Paris
2741,4/13/2023,897.91,Product D,247271,Tokyo
2139,4/13/2023,664.65,Product C,183667,London
5919,4/13/2023,812.08,Product A,123682,Paris
7781,4/13/2023,566.9,Product B,877259,London
9584,4/13/2023,840.68,Product A,957730,New York
2848,4/13/2023,811.38,Product D,744793,New York
1742,4/13/2023,145.67,Product C,943019,Tokyo
3676,4/14/2023,223.31,Product C,599687,New York
9120,4/14/2023,972.57,Product D,923975,Paris
3573,4/14/2023,110.25,Product B,299212,Tokyo
2169,4/14/2023,174.26,Product C,723948,Paris
4401,4/14/2023,192.99,Product A,785010,Paris
8552,4/14/2023,176.31,Product D,961599,Tokyo
4909,4/14/2023,252.03,Product D,221620,Tokyo
9985,4/14/2023,36.1,Product D,649435,New York
7770,4/14/2023,195.71,Product C,752878,Tokyo
7797,4/14/2023,402.49,Product C,347231,Tokyo
3406,4/14/2023,174.68,Product B,641737,Tokyo
1323,4/14/2023,692.85,Product D,565897,Tokyo
2200,4/14/2023,186.21,Product C,685193,New York
5557,4/14/2023,511.86,Product D,522866,London
1616,4/14/2023,375.05,Product C,180458,New York
5347,4/14/2023,135.49,Product D,651640,New York
4923,4/14/2023,248.46,Product A,189814,Tokyo
1936,4/14/2023,588.34,Product B,159642,New York
3340,4/15/2023,535.2,Product A,739966,London
7461,4/15/2023,595.98,Product A,556112,London
5224,4/15/2023,388.85,Product B,809794,London
7429,4/15/2023,547.76,Product B,301528,Paris
2444,4/15/2023,270.46,Product C,183927,New York
3709,4/15/2023,753.92,Product C,352593,Paris
1753,4/15/2023,269,Product C,112960,London
8770,4/15/2023,100.31,Product A,197758,Tokyo
6482,4/15/2023,336.39,Product D,397949,Paris
3538,4/15/2023,302.83,Product A,632351,New York
1136,4/15/2023,394.76,Product C,795186,Paris
2832,4/15/2023,945.6,Product B,672092,New York
6201,4/15/2023,561.77,Product A,293079,Paris
4044,4/15/2023,599.08,Product B,523389,New York
3153,4/16/2023,910.53,Product C,883790,Tokyo
1502,4/16/2023,748.65,Product B,494468,Tokyo
9584,4/16/2023,401.81,Product C,882033,Paris
7955,4/16/2023,436.3,Product B,671971,Paris
8292,4/16/2023,812.41,Product C,800280,Paris
9740,4/16/2023,507.55,Product B,720556,London
1464,4/16/2023,55.01,Product C,782759,London
4814,4/16/2023,159.18,Product D,327738,Paris
9008,4/16/2023,899.9,Product D,947975,New York
6077,4/16/2023,516.19,Product B,947312,London
4559,4/16/2023,897.63,Product B,888996,New York
5102,4/16/2023,378.13,Product B,154302,Tokyo
3807,4/16/2023,504.86,Product D,776234,Paris
8239,4/16/2023,605.2,Product A,356600,Paris
8449,4/16/2023,257.58,Product B,853270,New York
3110,4/16/2023,906.03,Product C,228479,New York
4271,4/17/2023,35.48,Product B,769191,Paris
9042,4/17/2023,873.99,Product C,592198,Tokyo
7224,4/17/2023,365.39,Product C,733052,Paris
2902,4/17/2023,242.45,Product B,507524,Tokyo
1803,4/17/2023,422.79,Product B,269172,Paris
7965,4/17/2023,738.63,Product B,412170,New York
4871,4/17/2023,154.98,Product B,281926,London
8909,4/17/2023,302.48,Product A,221707,London
6262,4/17/2023,89.27,Product C,421384,Tokyo
1879,4/17/2023,442.72,Product A,457137,Tokyo
3937,4/17/2023,918.87,Product B,352674,London
1820,4/17/2023,815.05,Product A,993647,Paris
5813,4/17/2023,476.07,Product C,860413,London
9564,4/17/2023,35.02,Product B,155642,New York
3308,4/17/2023,60.1,Product D,745270,Tokyo
3103,4/17/2023,393.53,Product C,628597,Tokyo
6096,4/17/2023,582.9,Product C,703766,Tokyo
2809,4/17/2023,527.97,Product A,145903,London
5476,4/18/2023,801.35,Product D,519453,Tokyo
8490,4/18/2023,701.26,Product D,430984,New York
8195,4/18/2023,474.01,Product C,833723,Tokyo
9418,4/18/2023,383.43,Product D,392670,Paris
4279,4/18/2023,144.37,Product A,574001,London
8414,4/18/2023,106.46,Product B,102303,Paris
2029,4/18/2023,838.32,Product D,725726,New York
4568,4/18/2023,243.61,Product D,440277,New York
9369,4/18/2023,576.99,Product C,912764,Paris
6169,4/18/2023,745.45,Product B,300845,London
9561,4/18/2023,524.56,Product D,786341,London
3858,4/18/2023,664.45,Product A,238205,New York
2494,4/18/2023,709.16,Product C,189450,Tokyo
4990,4/19/2023,789.11,Product B,171942,London
3392,4/19/2023,47.92,Product D,829884,London
2911,4/19/2023,54.89,Product A,419149,Tokyo
2749,4/19/2023,192.9,Product C,735022,London
7971,4/19/2023,261.97,Product B,187889,Paris
6447,4/19/2023,53.89,Product C,953025,London
7484,4/19/2023,674.97,Product C,579434,Paris
7421,4/19/2023,599.09,Product A,424620,Tokyo
4157,4/19/2023,52.25,Product A,816308,Tokyo
5450,4/19/2023,118.13,Product B,354235,New York
9835,4/19/2023,657,Product C,224395,London
1924,4/19/2023,508.86,Product C,345536,Paris
1706,4/19/2023,577.75,Product B,241268,New York
8429,4/19/2023,518.12,Product D,691303,New York
3878,4/19/2023,386.41,Product B,624563,Paris
9488,4/20/2023,311.08,Product B,438334,London
9129,4/20/2023,337.86,Product A,349556,Paris
1601,4/20/2023,855.29,Product C,447195,New York
1317,4/20/2023,59.14,Product A,294969,New York
3485,4/20/2023,813.03,Product C,189318,London
1510,4/20/2023,850.18,Product D,136489,London
2009,4/20/2023,754.71,Product A,189870,Paris
4695,4/20/2023,348.37,Product D,788842,London
8017,4/21/2023,14.78,Product B,923824,London
8871,4/21/2023,528.99,Product D,254954,London
6293,4/21/2023,632.87,Product A,880900,New York
5994,4/21/2023,987.78,Product D,753453,London
8269,4/21/2023,697.06,Product A,148225,Paris
8123,4/21/2023,459.19,Product C,624902,London
7981,4/21/2023,692.87,Product C,568849,New York
4695,4/21/2023,456.77,Product A,409234,New York
8310,4/21/2023,187.35,Product B,871667,Tokyo
9276,4/21/2023,421.77,Product D,196411,Paris
9537,4/21/2023,688.46,Product B,245584,Paris
9267,4/21/2023,131.93,Product A,493417,Paris
6234,4/21/2023,639.82,Product A,961574,Paris
2481,4/21/2023,809.52,Product C,966529,New York
6770,4/21/2023,148.56,Product D,292988,New York
6816,4/21/2023,650.53,Product A,690579,Tokyo
3131,4/21/2023,588.15,Product C,105919,Paris
3527,4/21/2023,189.04,Product B,856215,Tokyo
5371,4/21/2023,789.5,Product A,501124,New York
7043,4/21/2023,609.83,Product A,915573,London
4450,4/21/2023,403.08,Product A,166891,Tokyo
7151,4/21/2023,734.67,Product A,454366,Tokyo
2296,4/21/2023,350.19,Product C,432270,Paris
2234,4/22/2023,951.78,Product D,586490,Tokyo
2083,4/22/2023,927.83,Product D,747033,Tokyo
4022,4/22/2023,644.07,Product D,514798,New York
2577,4/22/2023,481.11,Product A,921945,New York
4585,4/22/2023,806.07,Product D,152657,London
5557,4/22/2023,996.98,Product D,765620,Tokyo
2121,4/22/2023,145.26,Product A,767830,Tokyo
8178,4/22/2023,615.21,Product C,741055,New York
4164,4/22/2023,614.84,Product D,967161,Tokyo
9821,4/22/2023,979.58,Product C,472358,Paris
8135,4/22/2023,736.46,Product C,745830,Tokyo
5254,4/22/2023,553.08,Product B,382495,Tokyo
9796,4/22/2023,372.14,Product B,579776,New York
3877,4/23/2023,140.84,Product C,656639,Paris
9571,4/23/2023,364.34,Product D,409698,London
4755,4/23/2023,836.59,Product C,263573,New York
5470,4/23/2023,810.73,Product C,270387,Tokyo
3846,4/23/2023,876.43,Product B,977633,New York
4054,4/23/2023,505.64,Product D,687923,New York
3363,4/23/2023,606.44,Product D,624369,New York
5105,4/23/2023,638.71,Product C,231250,Paris
2462,4/23/2023,447.3,Product D,876936,Tokyo
5051,4/23/2023,840.84,Product B,350132,London
9824,4/23/2023,270.6,Product A,862760,New York
7669,4/23/2023,103.38,Product D,471507,Tokyo
2702,4/24/2023,542.38,Product D,777968,New York
5861,4/24/2023,969.02,Product A,884309,Paris
6633,4/24/2023,418.53,Product B,268772,London
9595,4/24/2023,698.87,Product A,214611,New York
4943,4/24/2023,76.62,Product A,568127,New York
1149,4/24/2023,510.68,Product C,163386,Tokyo
8848,4/24/2023,594.88,Product D,123536,London
4291,4/24/2023,627.93,Product C,819964,Paris
4882,4/24/2023,812.6,Product C,845279,Tokyo
8311,4/24/2023,996.4,Product C,827691,Tokyo
6617,4/24/2023,690.62,Product C,629959,Tokyo
1256,4/24/2023,591.17,Product D,180674,Paris
5809,4/24/2023,950.81,Product D,688602,New York
5272,4/24/2023,673.03,Product C,350280,Paris
6820,4/24/2023,673.47,Product A,738720,London
8609,4/24/2023,346.79,Product B,427766,Paris
6363,4/24/2023,460.15,Product C,898207,Tokyo
2072,4/24/2023,673.63,Product B,818699,Tokyo
4944,4/24/2023,587.51,Product A,152995,Paris
8355,4/25/2023,538.67,Product C,947903,Tokyo
3938,4/25/2023,806.29,Product A,520400,New York
5076,4/25/2023,696.59,Product C,427252,London
7870,4/25/2023,328.58,Product D,855276,Paris
6085,4/25/2023,808.5,Product B,125611,New York
5920,4/25/2023,222.67,Product C,122755,Paris
1391,4/25/2023,546.13,Product A,451291,New York
9700,4/25/2023,641.57,Product A,205065,Tokyo
1744,4/25/2023,401.31,Product A,108060,London
4166,4/25/2023,41.91,Product A,382967,Tokyo
6068,4/25/2023,254.92,Product C,564687,London
9922,4/25/2023,651.16,Product C,966785,London
8711,4/25/2023,207.58,Product D,466643,Paris
9841,4/25/2023,806.66,Product D,422823,Paris
4728,4/25/2023,33.43,Product B,517821,Paris
5853,4/25/2023,367.27,Product C,114835,London
4804,4/25/2023,690.5,Product C,183336,Tokyo
1920,4/25/2023,605.65,Product A,652021,Tokyo
2527,4/25/2023,992.33,Product A,583863,New York
8579,4/26/2023,875.74,Product A,564656,New York
1651,4/26/2023,923.05,Product C,449773,Tokyo
2847,4/26/2023,504.59,Product A,653948,New York
6228,4/26/2023,471.81,Product C,571435,London
3275,4/26/2023,792.47,Product A,478427,Paris
2982,4/26/2023,232.45,Product C,122056,London
6416,4/26/2023,12.71,Product A,215795,Tokyo
3287,4/26/2023,747.54,Product C,883300,Tokyo
2101,4/26/2023,780.73,Product C,479742,Tokyo
4150,4/26/2023,286.22,Product C,335790,Paris
9084,4/26/2023,224.71,Product D,575779,Tokyo
7363,4/26/2023,262.45,Product C,778120,New York
2747,4/26/2023,387.55,Product C,702733,Paris
3573,4/26/2023,182.08,Product A,264136,New York
6253,4/26/2023,308.75,Product B,792282,London
4762,4/26/2023,466.02,Product B,389039,London
9680,4/26/2023,425.62,Product A,249289,Paris
3174,4/26/2023,154.78,Product C,968726,London
9589,4/26/2023,249.89,Product C,914504,Tokyo
1500,4/26/2023,378.74,Product D,286209,Tokyo
4817,4/27/2023,812.96,Product A,698199,Tokyo
2752,4/27/2023,614.74,Product B,226611,Tokyo
5915,4/27/2023,566.52,Product A,517754,New York
6742,4/27/2023,789.15,Product A,150486,Tokyo
6221,4/27/2023,952.15,Product A,458411,London
1731,4/27/2023,445.34,Product C,337232,Paris
3695,4/27/2023,914.91,Product D,945664,Paris
1228,4/27/2023,541.21,Product D,486490,Paris
9465,4/27/2023,382.57,Product B,641455,Tokyo
2702,4/27/2023,621.92,Product A,786641,Tokyo
9625,4/27/2023,817.06,Product C,933551,Tokyo
9669,4/27/2023,971.37,Product A,813328,New York
8368,4/27/2023,355.09,Product A,560398,New York
6053,4/27/2023,366.05,Product D,588640,New York
7322,4/27/2023,544.83,Product C,125905,Paris
4614,4/27/2023,88.42,Product B,641704,Paris
9288,4/27/2023,141.13,Product C,172132,London
7753,4/27/2023,164.16,Product A,100096,London
5843,4/27/2023,907.84,Product D,507135,New York
8925,4/27/2023,988.62,Product C,911801,Tokyo
9849,4/27/2023,663.99,Product C,349087,New York
1265,4/27/2023,557.78,Product D,409531,London
3705,4/27/2023,532.4,Product D,322086,London
2419,4/28/2023,882.81,Product B,886931,Tokyo
9374,4/28/2023,403.9,Product B,156778,Tokyo
8418,4/28/2023,703.47,Product D,296911,Paris
9105,4/28/2023,329.64,Product C,454161,London
8933,4/28/2023,727.34,Product C,205409,London
8790,4/28/2023,56.1,Product A,817675,Paris
6574,4/28/2023,163.92,Product C,207175,New York
5622,4/28/2023,133.79,Product D,862427,New York
2336,4/28/2023,448.68,Product D,609253,Tokyo
5059,4/28/2023,648.17,Product B,680278,Paris
7363,4/28/2023,188.02,Product C,726121,London
7785,4/28/2023,223.41,Product A,461939,Tokyo
2344,4/28/2023,162.68,Product B,875584,Tokyo
8145,4/28/2023,841.71,Product B,812591,Paris
5933,4/28/2023,498.19,Product A,275329,Tokyo
4275,4/28/2023,752.68,Product B,400538,Paris
4371,4/28/2023,754.8,Product A,705393,New York
1046,4/28/2023,859.82,Product B,236306,Paris
7054,4/29/2023,166.17,Product C,741390,New York
7921,4/29/2023,617,Product A,823468,London
6634,4/29/2023,474.51,Product A,821179,Tokyo
4131,4/29/2023,363.4,Product A,787584,Paris
4879,4/29/2023,268.38,Product C,939717,Tokyo
2389,4/29/2023,520.3,Product C,197923,London
2417,4/29/2023,767.62,Product D,499941,Tokyo
9941,4/29/2023,960.53,Product B,412534,Paris
3399,4/29/2023,51.65,Product A,463188,Tokyo
8362,4/29/2023,821.22,Product C,576136,New York
1842,4/29/2023,604.41,Product C,208633,London
1519,4/29/2023,414.78,Product B,903028,Tokyo
2816,4/29/2023,681.44,Product D,652530,Paris
4792,4/29/2023,709.89,Product D,174637,London
7418,4/29/2023,649.71,Product B,618927,Tokyo
6617,4/29/2023,458.32,Product B,244892,Tokyo
1984,4/29/2023,208.69,Product C,155663,Tokyo
9747,4/29/2023,878.7,Product D,947568,New York
1919,4/29/2023,364.88,Product D,252640,London
9022,4/29/2023,148.89,Product C,982885,Tokyo
5067,4/29/2023,102.08,Product C,179721,London
1645,4/30/2023,790.72,Product A,707727,Paris
4700,4/30/2023,687.2,Product A,785491,New York
3219,4/30/2023,16.7,Product D,448354,Tokyo
1749,4/30/2023,948.98,Product D,863187,Paris
1886,4/30/2023,529.14,Product C,666157,London
7199,4/30/2023,736.66,Product C,233534,London
8625,4/30/2023,168.12,Product C,823821,New York
6707,4/30/2023,349.64,Product B,646428,Tokyo
2075,4/30/2023,712.47,Product D,242239,New York
5438,4/30/2023,258.89,Product A,856321,London
4986,4/30/2023,667.32,Product C,596249,Paris
1372,4/30/2023,468.37,Product D,657772,Tokyo
7885,4/30/2023,787.87,Product D,489438,Tokyo
7775,4/30/2023,282.4,Product B,756401,Tokyo
8803,4/30/2023,88.17,Product A,626491,London
9393,4/30/2023,844.64,Product C,846454,London
8816,4/30/2023,19.04,Product D,936726,Paris
9680,4/30/2023,418.98,Product B,244037,London
4893,4/30/2023,130.63,Product B,540218,Tokyo
2077,4/30/2023,404.18,Product D,651231,Tokyo
1901,4/30/2023,669.42,Product B,225245,New York
8807,5/1/2023,360,Product C,291663,London
5903,5/1/2023,374.88,Product D,960109,New York
5742,5/1/2023,128.78,Product D,883301,Tokyo
3695,5/1/2023,855.94,Product D,221886,London
1341,5/1/2023,180.15,Product D,972442,Paris
8822,5/1/2023,936.47,Product A,373453,Tokyo
9442,5/1/2023,95.87,Product A,293757,London
1715,5/1/2023,747.26,Product D,504832,London
5706,5/1/2023,292.56,Product A,906066,New York
2557,5/1/2023,432.5,Product C,492483,London
8324,5/1/2023,127.52,Product D,881439,New York
4154,5/1/2023,518.76,Product A,275526,New York
4812,5/1/2023,981.86,Product C,944654,Tokyo
6502,5/1/2023,894.1,Product A,245095,London
8094,5/1/2023,26.72,Product A,660814,New York
3194,5/1/2023,126.68,Product C,222629,London
9788,5/1/2023,396.82,Product A,425236,Tokyo
7521,5/1/2023,653.07,Product B,218959,New York
6345,5/1/2023,458.23,Product B,178315,London
8225,5/1/2023,424.59,Product D,824042,London
4912,5/1/2023,723.79,Product D,299092,Tokyo
3463,5/2/2023,90.69,Product B,466813,Paris
2655,5/2/2023,308.75,Product B,265154,Tokyo
7798,5/2/2023,934.91,Product C,960408,New York
1225,5/2/2023,696.86,Product A,419939,Tokyo
9785,5/2/2023,939.84,Product A,373903,London
5342,5/2/2023,627.03,Product D,781403,New York
7678,5/2/2023,547.19,Product D,165290,London
3793,5/2/2023,363.95,Product D,752011,Paris
7334,5/2/2023,973.99,Product D,825686,Tokyo
1011,5/2/2023,918.72,Product B,945619,London
4111,5/2/2023,729.28,Product B,819656,Tokyo
4630,5/2/2023,781.33,Product A,635280,New York
1480,5/2/2023,809.04,Product C,649300,New York
4214,5/2/2023,237.72,Product B,623555,Paris
9268,5/2/2023,660.96,Product D,469438,Paris
3623,5/2/2023,564.25,Product D,343118,Tokyo
1331,5/2/2023,819.21,Product C,426053,Paris
8432,5/2/2023,165.84,Product C,856648,Paris
3634,5/2/2023,417.53,Product D,402218,Tokyo
1519,5/2/2023,89.42,Product B,158760,Paris
7209,5/2/2023,38.41,Product C,290672,Tokyo
8216,5/2/2023,192.52,Product A,364742,Tokyo
6478,5/3/2023,880.99,Product D,536754,New York
7363,5/3/2023,935.85,Product B,284654,London
6703,5/3/2023,963.65,Product C,337288,London
7291,5/3/2023,963.62,Product C,929504,London
4475,5/3/2023,799.85,Product C,393243,Paris
6730,5/3/2023,171.88,Product C,885342,New York
8210,5/3/2023,725.21,Product B,531709,Tokyo
2468,5/3/2023,558.68,Product C,503951,New York
9674,5/3/2023,769.17,Product B,267378,New York
6420,5/3/2023,136.93,Product B,204904,Paris
1920,5/3/2023,512.26,Product C,584172,Tokyo
9950,5/3/2023,679.11,Product C,739711,Tokyo
7204,5/3/2023,550.56,Product A,969067,Tokyo
8542,5/3/2023,164.55,Product C,484914,London
8895,5/3/2023,667.07,Product D,255875,New York
4029,5/4/2023,886.64,Product C,295646,Tokyo
7437,5/4/2023,122.75,Product B,720995,London
6188,5/4/2023,115.49,Product A,423241,Tokyo
2294,5/4/2023,959.7,Product D,692447,London
7543,5/4/2023,227.13,Product B,634277,Tokyo
7563,5/4/2023,689.42,Product A,710610,Paris
7939,5/4/2023,354.82,Product C,461260,New York
2337,5/4/2023,232.29,Product C,203896,Paris
4178,5/4/2023,681.52,Product D,584106,Paris
9368,5/4/2023,64.88,Product B,485548,London
9576,5/4/2023,77,Product A,509420,Tokyo
3735,5/4/2023,135.66,Product C,868538,New York
6584,5/4/2023,827.06,Product B,985331,Tokyo
3435,5/4/2023,398.57,Product C,240384,Tokyo
5331,5/4/2023,241.68,Product B,643042,Paris
3578,5/4/2023,606,Product A,793223,London
2522,5/4/2023,816.81,Product B,219361,Tokyo
7606,5/4/2023,54.79,Product A,697983,London
7453,5/4/2023,796.95,Product C,684929,Paris
1590,5/4/2023,246.86,Product A,265092,New York
9331,5/4/2023,28.05,Product C,289019,London
3504,5/4/2023,764.89,Product A,728038,Paris
6050,5/4/2023,899.99,Product A,475190,London
6621,5/4/2023,192.07,Product D,320759,Tokyo
5833,5/4/2023,618.48,Product B,240057,Tokyo
5488,5/4/2023,825.27,Product D,766275,New York
7099,5/4/2023,855.78,Product C,572623,London
3697,5/5/2023,12.13,Product D,378085,Tokyo
9307,5/5/2023,468.08,Product A,571579,London
2425,5/5/2023,560.8,Product C,998235,Paris
4788,5/5/2023,697.01,Product B,167348,Tokyo
3369,5/5/2023,198.7,Product B,173201,Paris
7251,5/5/2023,422.4,Product C,678944,New York
4751,5/5/2023,98.44,Product A,208214,Paris
6963,5/5/2023,921.02,Product B,999138,New York
9289,5/5/2023,736.32,Product A,749838,Paris
7883,5/5/2023,905.79,Product A,998348,Tokyo
9899,5/5/2023,896.8,Product D,958130,Paris
2654,5/5/2023,285.19,Product C,270555,Paris
8254,5/5/2023,567.54,Product B,894268,Paris
4765,5/5/2023,391.61,Product A,117367,London
5634,5/5/2023,414.68,Product C,811875,New York
2682,5/5/2023,508.3,Product C,275133,New York
9609,5/5/2023,320.62,Product B,581992,Paris
8821,5/5/2023,14.62,Product B,866151,Paris
5583,5/5/2023,145.86,Product B,773870,London
6168,5/6/2023,275.06,Product B,694731,Paris
9328,5/6/2023,788.22,Product A,268546,Tokyo
8161,5/6/2023,257.4,Product D,968668,Tokyo
1992,5/6/2023,283.12,Product A,989227,Tokyo
2180,5/6/2023,863.15,Product A,557409,New York
6828,5/6/2023,518.33,Product C,372804,London
6658,5/6/2023,139.46,Product C,639995,New York
1813,5/6/2023,576.05,Product D,261050,New York
9802,5/6/2023,533.55,Product B,975373,New York
9444,5/6/2023,989.23,Product D,365618,New York
6344,5/6/2023,700.24,Product B,301158,Tokyo
1993,5/6/2023,730.93,Product A,360735,London
2681,5/6/2023,418.22,Product A,966028,New York
8201,5/6/2023,885.55,Product C,583757,London
6107,5/6/2023,995.2,Product C,559381,Tokyo
5512,5/6/2023,152.41,Product D,140666,Tokyo
2531,5/6/2023,385.47,Product D,158840,New York
3662,5/6/2023,990.71,Product C,722565,Paris
9756,5/6/2023,225.65,Product D,964915,London
6172,5/7/2023,955.89,Product A,834861,Paris
9702,5/7/2023,570.27,Product B,278240,London
5521,5/7/2023,306.75,Product A,478666,Paris
2843,5/7/2023,158.15,Product A,210766,New York
9871,5/7/2023,971,Product B,680493,New York
7793,5/7/2023,55.04,Product C,687638,London
1104,5/7/2023,146.12,Product B,171269,London
9908,5/7/2023,265.23,Product A,843596,New York
6175,5/7/2023,368.65,Product B,546768,Paris
5933,5/7/2023,665.05,Product C,753050,London
3724,5/7/2023,490.78,Product B,520521,New York
9553,5/7/2023,376.67,Product A,831531,Tokyo
9173,5/7/2023,883.95,Product D,163941,New York
4743,5/7/2023,345.54,Product D,518098,Tokyo
5781,5/7/2023,393.92,Product A,860053,London
1715,5/7/2023,370.66,Product B,565776,Paris
6614,5/7/2023,987.32,Product D,250181,Paris
7821,5/7/2023,157.73,Product D,292811,Tokyo
1011,5/8/2023,210.3,Product B,781571,Paris
8616,5/8/2023,827.48,Product C,437960,London
5471,5/8/2023,490.79,Product D,452457,Tokyo
7286,5/8/2023,193.9,Product B,681868,London
3114,5/8/2023,507.84,Product A,971776,New York
5673,5/8/2023,699.63,Product D,262316,London
2761,5/8/2023,142.6,Product C,862847,Paris
2443,5/8/2023,846.04,Product B,556839,Tokyo
6967,5/8/2023,79.27,Product C,753425,Paris
3502,5/8/2023,970.83,Product C,570988,London
1507,5/8/2023,943.02,Product B,736818,Tokyo
5511,5/8/2023,896.53,Product C,581294,Paris
5970,5/9/2023,748.15,Product C,259338,London
9535,5/9/2023,419.85,Product B,995706,New York
5469,5/9/2023,906.25,Product B,971415,Tokyo
8685,5/9/2023,619.19,Product A,119927,Paris
5819,5/9/2023,185.65,Product A,296059,London
5719,5/9/2023,882.04,Product D,227324,New York
7693,5/9/2023,692.48,Product D,405407,New York
4401,5/9/2023,315.22,Product C,993892,New York
6299,5/9/2023,34.66,Product D,718990,London
3693,5/9/2023,471.39,Product D,226601,Paris
4232,5/9/2023,596.28,Product D,104666,London
6399,5/9/2023,341.39,Product B,415029,Paris
8061,5/9/2023,561.42,Product D,208310,New York
6898,5/9/2023,453.02,Product D,100205,New York
4858,5/9/2023,756.22,Product C,416613,New York
5499,5/9/2023,86.71,Product C,345884,Paris
7146,5/9/2023,84.76,Product A,522419,Paris
9514,5/10/2023,917.99,Product A,924758,Tokyo
1200,5/10/2023,502.65,Product D,669902,New York
3906,5/10/2023,751.84,Product C,137581,New York
4575,5/10/2023,309.12,Product D,712879,New York
4974,5/10/2023,374.59,Product D,910143,London
8863,5/10/2023,450.9,Product C,610626,New York
2291,5/10/2023,449.75,Product D,192295,Tokyo
8399,5/10/2023,828.74,Product A,357657,Tokyo
5694,5/10/2023,635.4,Product B,275715,Paris
2551,5/10/2023,110.89,Product B,227352,New York
7557,5/10/2023,279.11,Product D,823415,Tokyo
1392,5/10/2023,629.21,Product A,873291,London
4532,5/10/2023,826.31,Product B,851606,Paris
2310,5/10/2023,803.01,Product A,478458,Tokyo
7046,5/10/2023,950.75,Product C,710224,New York
7408,5/10/2023,774.62,Product B,461724,New York
1601,5/10/2023,97.18,Product C,438977,New York
8372,5/10/2023,683.31,Product C,234568,London
2988,5/10/2023,142.01,Product D,800005,Paris
3509,5/10/2023,750.26,Product C,536045,Tokyo
7735,5/10/2023,865.2,Product A,806073,New York
4804,5/10/2023,641.53,Product D,367729,New York
9508,5/10/2023,157.45,Product B,443897,Paris
5150,5/11/2023,642.13,Product B,477934,New York
2494,5/11/2023,354.48,Product C,436653,New York
5949,5/11/2023,252.43,Product D,411882,Tokyo
3140,5/11/2023,921.19,Product A,531262,Tokyo
9824,5/11/2023,351.67,Product D,577463,Paris
5011,5/11/2023,615.16,Product A,577538,Tokyo
4290,5/11/2023,321.04,Product D,434640,Paris
3450,5/11/2023,807.61,Product B,541996,Tokyo
9991,5/11/2023,626.81,Product B,828834,New York
2118,5/11/2023,447.79,Product C,935012,Paris
2526,5/11/2023,662.8,Product A,912510,Tokyo
4555,5/11/2023,216.8,Product C,417915,New York
2041,5/11/2023,453.79,Product C,638169,New York
1504,5/11/2023,164.76,Product B,243006,Tokyo
2342,5/11/2023,845.33,Product C,923002,Tokyo
6706,5/11/2023,106.65,Product D,434400,New York
7358,5/11/2023,918.72,Product A,141843,Paris
9363,5/12/2023,777,Product D,182216,Tokyo
8715,5/12/2023,895.93,Product C,195563,Tokyo
3832,5/12/2023,827.45,Product A,724145,Paris
2741,5/12/2023,206.66,Product B,915749,Paris
4048,5/12/2023,522.57,Product A,374492,Paris
7434,5/12/2023,150.75,Product C,758309,Tokyo
3522,5/12/2023,933.33,Product C,633590,Paris
1108,5/13/2023,883.21,Product D,273650,London
7256,5/13/2023,532.19,Product B,956572,London
9210,5/13/2023,99.65,Product C,626560,New York
8405,5/13/2023,229.33,Product A,862569,Paris
5460,5/13/2023,544.58,Product D,184349,New York
4637,5/13/2023,749.38,Product B,567432,Paris
2263,5/13/2023,647.04,Product B,257538,London
7670,5/13/2023,115.4,Product A,627611,Paris
9693,5/13/2023,201.96,Product C,468154,London
1120,5/13/2023,999.44,Product C,688730,Paris
7723,5/13/2023,777.22,Product D,989587,New York
3196,5/13/2023,847.68,Product D,846606,Paris
4892,5/13/2023,786.46,Product C,826596,New York
7529,5/13/2023,440.15,Product B,899049,London
6354,5/13/2023,700.79,Product B,152973,Tokyo
6873,5/13/2023,307.19,Product B,981473,London
5254,5/14/2023,579.39,Product C,236014,Tokyo
3262,5/14/2023,215.27,Product C,794395,Tokyo
2633,5/14/2023,911.34,Product A,857537,London
2341,5/14/2023,452.28,Product C,181896,New York
6542,5/14/2023,527.87,Product A,553873,London
3150,5/14/2023,840.13,Product A,136862,Paris
8126,5/14/2023,643.39,Product C,464032,Tokyo
8199,5/14/2023,527.52,Product B,481574,Paris
1166,5/14/2023,948.58,Product A,353080,Tokyo
9901,5/14/2023,498.97,Product B,992400,Tokyo
9064,5/15/2023,315.96,Product D,139807,New York
7566,5/15/2023,511.55,Product D,670053,New York
6986,5/15/2023,686.11,Product D,907788,New York
6688,5/15/2023,434.09,Product C,172306,Paris
4683,5/15/2023,295.78,Product D,693127,Tokyo
4510,5/15/2023,140.99,Product D,354801,Tokyo
4116,5/15/2023,454.13,Product D,292401,Paris
8859,5/15/2023,783.62,Product C,693128,Paris
4804,5/15/2023,741.3,Product A,283568,Tokyo
7865,5/15/2023,750.04,Product B,611945,London
2063,5/16/2023,546.75,Product C,992717,London
6439,5/16/2023,769.74,Product D,851470,Paris
3024,5/16/2023,260.21,Product B,315477,New York
1645,5/16/2023,501.39,Product B,821634,Tokyo
1643,5/16/2023,393.52,Product A,299072,Paris
6829,5/16/2023,941.73,Product D,294760,Tokyo
6939,5/16/2023,295.72,Product D,628750,Tokyo
4863,5/16/2023,437.9,Product D,305587,London
6714,5/16/2023,934.36,Product C,401769,New York
7653,5/16/2023,835.39,Product C,400850,London
8879,5/16/2023,206.13,Product D,783932,London
9004,5/16/2023,760.58,Product D,777278,Tokyo
2940,5/16/2023,766.8,Product B,913373,Tokyo
9376,5/16/2023,574.96,Product B,198867,New York
1182,5/16/2023,876.02,Product B,229221,New York
1944,5/16/2023,418.55,Product D,684357,London
1082,5/17/2023,600.69,Product A,419491,London
3762,5/17/2023,766.84,Product D,923353,New York
9918,5/17/2023,182.11,Product D,483041,New York
5888,5/17/2023,606.76,Product C,398384,Tokyo
1517,5/17/2023,948.72,Product A,300051,New York
9443,5/17/2023,249.52,Product B,405420,Tokyo
3148,5/17/2023,689.15,Product A,855829,Paris
8796,5/17/2023,747.86,Product D,375311,New York
1972,5/17/2023,357.31,Product C,725850,London
4943,5/17/2023,550.17,Product D,902903,Paris
9044,5/17/2023,784.15,Product C,494322,Paris
9897,5/17/2023,661.53,Product B,991737,Paris
3661,5/17/2023,248.07,Product D,809922,Paris
7170,5/18/2023,906.98,Product A,367865,London
7431,5/18/2023,123.09,Product C,986589,Tokyo
7455,5/18/2023,568.75,Product A,188025,Tokyo
7049,5/18/2023,557,Product D,233636,New York
5033,5/18/2023,598.57,Product A,539589,Paris
7824,5/18/2023,314.6,Product A,725905,Tokyo
3420,5/18/2023,707.65,Product B,911982,New York
1273,5/18/2023,76.86,Product C,326222,New York
6661,5/18/2023,306.16,Product D,823846,Paris
9108,5/19/2023,883.52,Product D,399628,New York
8359,5/19/2023,992.85,Product D,278852,London
5660,5/19/2023,26.14,Product B,416503,New York
6277,5/19/2023,156.85,Product B,388375,Paris
4616,5/19/2023,720.67,Product A,318877,Tokyo
7916,5/19/2023,72.89,Product D,724834,Tokyo
1530,5/19/2023,161.9,Product D,488984,Paris
7859,5/19/2023,916.75,Product B,386886,Tokyo
7240,5/19/2023,535.25,Product D,630108,Tokyo
4770,5/19/2023,803.91,Product B,767542,London
7730,5/19/2023,151.29,Product B,753484,Paris
8149,5/19/2023,984.39,Product A,503906,London
3837,5/19/2023,802.86,Product B,364650,Paris
1430,5/19/2023,929.79,Product C,130359,London
5382,5/19/2023,648.2,Product C,566509,Paris
1685,5/19/2023,737.98,Product D,855185,Paris
3983,5/19/2023,325.03,Product B,770718,New York
6267,5/19/2023,480.87,Product B,164879,Tokyo
3120,5/20/2023,439.37,Product D,522988,Tokyo
3719,5/20/2023,147.84,Product B,953047,London
9383,5/20/2023,950.26,Product D,677079,Tokyo
7457,5/20/2023,939.75,Product A,645940,New York
6776,5/20/2023,998.17,Product C,770532,New York
8251,5/20/2023,816.86,Product D,970914,Tokyo
9615,5/20/2023,704.3,Product C,151470,Paris
3525,5/20/2023,290.3,Product D,772036,Paris
1567,5/20/2023,622.98,Product B,778720,Paris
1025,5/20/2023,359.29,Product D,296412,New York
2293,5/20/2023,872.13,Product B,621841,London
4617,5/20/2023,836.4,Product B,220190,London
7825,5/20/2023,642.6,Product D,757629,Paris
9761,5/20/2023,58.1,Product A,794125,New York
1713,5/21/2023,393.01,Product C,365971,New York
6822,5/21/2023,309.3,Product C,951331,New York
6934,5/21/2023,892.66,Product D,841666,London
7911,5/21/2023,616.19,Product D,990136,New York
2035,5/21/2023,825.62,Product C,780776,Tokyo
3871,5/21/2023,499.42,Product A,311505,Paris
1185,5/21/2023,209.18,Product C,366776,New York
3280,5/21/2023,309.8,Product C,790658,London
6134,5/21/2023,67.43,Product D,386814,London
5285,5/22/2023,365.96,Product B,165142,New York
7666,5/22/2023,935.68,Product D,600641,London
5350,5/22/2023,785.07,Product B,856442,New York
7797,5/22/2023,108.03,Product D,745558,Tokyo
9266,5/22/2023,180.83,Product B,841995,Tokyo
6499,5/22/2023,98.41,Product C,334176,Paris
4387,5/22/2023,147.19,Product B,244818,Paris
1190,5/22/2023,935.03,Product D,993251,Tokyo
7275,5/22/2023,490.73,Product D,139285,London
1828,5/22/2023,999.29,Product A,197793,London
3879,5/22/2023,610.56,Product C,966589,London
7909,5/22/2023,887.26,Product B,218548,London
3417,5/22/2023,690.75,Product A,916232,Tokyo
4483,5/22/2023,504.24,Product D,249811,Paris
4626,5/22/2023,232.86,Product B,382154,Tokyo
8504,5/22/2023,964.39,Product A,602248,Tokyo
5664,5/22/2023,745.5,Product C,532961,London
5192,5/22/2023,238.85,Product C,376955,Tokyo
8982,5/22/2023,324.11,Product C,334081,London
8758,5/23/2023,123.25,Product B,587623,Paris
2229,5/23/2023,641.14,Product C,638009,London
8493,5/23/2023,593.42,Product B,623059,New York
5762,5/23/2023,76.69,Product A,307007,Tokyo
7078,5/23/2023,949.89,Product D,715870,London
3535,5/23/2023,487.37,Product A,467121,Paris
6400,5/23/2023,131.01,Product C,797660,Tokyo
5088,5/23/2023,111.77,Product D,750810,London
9621,5/23/2023,256.28,Product B,685549,Tokyo
3804,5/23/2023,628.23,Product C,983456,New York
5060,5/23/2023,248.74,Product A,901164,London
9538,5/23/2023,982.29,Product D,508024,Paris
2501,5/23/2023,219.98,Product A,153035,Paris
2879,5/23/2023,352.55,Product B,773462,London
5298,5/23/2023,864.01,Product C,725969,Tokyo
1653,5/24/2023,886.8,Product D,934883,New York
4750,5/24/2023,837.6,Product A,901909,Paris
8575,5/24/2023,808.85,Product A,515182,Paris
5890,5/24/2023,117.02,Product A,452618,Paris
1193,5/24/2023,218.64,Product A,441244,Paris
2791,5/24/2023,802.05,Product B,641058,London
6236,5/24/2023,148.53,Product A,787237,Tokyo
8517,5/24/2023,466.11,Product A,605382,New York
2679,5/24/2023,743.26,Product A,719176,Tokyo
7984,5/24/2023,116.88,Product D,177060,New York
5106,5/24/2023,758.02,Product B,758765,New York
7179,5/24/2023,608.92,Product A,176319,London
9510,5/24/2023,450.62,Product A,829386,Paris
4598,5/24/2023,331.04,Product A,340174,New York
6298,5/24/2023,924.9,Product A,217996,Tokyo
7211,5/24/2023,750.65,Product B,745414,Paris
8244,5/24/2023,221.56,Product D,932291,London
7116,5/25/2023,149.94,Product D,538555,London
6644,5/25/2023,73.12,Product A,172371,Tokyo
5477,5/25/2023,764.79,Product C,468074,New York
2999,5/25/2023,860.81,Product C,652654,Tokyo
6431,5/25/2023,245.2,Product D,381631,Paris
6890,5/25/2023,896.55,Product A,214682,London
3521,5/25/2023,540.99,Product A,231939,Tokyo
2669,5/25/2023,774.76,Product A,934904,New York
7939,5/25/2023,408.25,Product B,390946,New York
9892,5/25/2023,495.19,Product B,670027,Paris
4090,5/25/2023,246.42,Product D,344907,Tokyo
3248,5/25/2023,21.24,Product D,463546,Paris
6008,5/25/2023,588.33,Product C,946934,Paris
2195,5/25/2023,69.31,Product D,535810,Tokyo
4974,5/25/2023,608.36,Product B,515898,London
8612,5/25/2023,483.75,Product B,950916,London
4920,5/26/2023,166.79,Product A,679077,Tokyo
7626,5/26/2023,643.74,Product C,220768,Tokyo
6582,5/26/2023,185.69,Product C,162448,New York
2691,5/26/2023,968.76,Product C,975427,Paris
5215,5/26/2023,194.34,Product C,929179,Paris
4812,5/26/2023,297.58,Product B,101657,New York
9331,5/26/2023,108.61,Product C,608205,New York
2033,5/26/2023,778.43,Product D,138780,Paris
8640,5/26/2023,938.12,Product A,261169,Paris
7809,5/26/2023,841.49,Product D,275377,New York
4257,5/26/2023,653.39,Product D,331148,Tokyo
5735,5/26/2023,215.21,Product D,432441,Tokyo
3173,5/26/2023,653.59,Product B,628370,Paris
5308,5/26/2023,975.3,Product A,620248,Tokyo
6411,5/26/2023,477.68,Product B,105433,London
4185,5/26/2023,699.39,Product D,519066,London
6302,5/26/2023,299.71,Product C,999695,New York
6071,5/27/2023,770.94,Product D,402808,London
3747,5/27/2023,688.74,Product D,725510,New York
1711,5/27/2023,464.83,Product A,496922,New York
8924,5/27/2023,691.77,Product C,547798,Paris
9514,5/27/2023,635.54,Product D,947228,London
9751,5/27/2023,252.36,Product D,497887,Paris
6005,5/27/2023,702.45,Product B,550081,New York
2526,5/27/2023,972.43,Product C,991401,New York
2438,5/27/2023,388.39,Product B,537605,London
3041,5/27/2023,901.05,Product C,799287,Tokyo
9673,5/27/2023,281.99,Product C,117975,Tokyo
1612,5/27/2023,810.26,Product D,182289,New York
4562,5/27/2023,86.43,Product C,931420,Tokyo
8179,5/27/2023,425.46,Product B,534130,Tokyo
5040,5/27/2023,628.78,Product B,580102,New York
5634,5/27/2023,305.57,Product D,255813,Tokyo
6303,5/27/2023,473.71,Product B,172222,London
3048,5/27/2023,242.28,Product C,880009,New York
3384,5/27/2023,39.19,Product C,534152,Tokyo
2658,5/27/2023,238.71,Product D,298663,London
4675,5/27/2023,985.03,Product B,869735,New York
4727,5/28/2023,99.48,Product A,897305,New York
9175,5/28/2023,207.67,Product B,378297,London
5923,5/28/2023,448.68,Product C,382507,Tokyo
8370,5/28/2023,341.31,Product C,477808,Paris
8078,5/28/2023,329.1,Product C,127121,New York
7971,5/28/2023,554.88,Product C,836996,Tokyo
5049,5/28/2023,994.59,Product B,583220,New York
1212,5/28/2023,258.83,Product D,970300,London
3607,5/28/2023,862.88,Product D,371782,London
4714,5/28/2023,656.25,Product A,764678,Tokyo
9689,5/28/2023,58.09,Product D,979562,Tokyo
3938,5/28/2023,925.24,Product D,941204,London
8511,5/28/2023,94.05,Product A,629979,London
3647,5/28/2023,447.42,Product D,688153,New York
5009,5/28/2023,53.79,Product D,345722,London
7445,5/28/2023,165.44,Product C,817552,Paris
4646,5/28/2023,674.63,Product B,894586,London
5201,5/28/2023,484.29,Product B,968170,Paris
2753,5/28/2023,557.69,Product C,395442,London
2582,5/28/2023,741.41,Product B,683397,New York
1049,5/28/2023,225.72,Product A,147489,Tokyo
6885,5/29/2023,196.54,Product D,120053,London
2489,5/29/2023,56.65,Product A,260265,London
7288,5/29/2023,742.35,Product A,625119,Paris
6896,5/29/2023,277.07,Product B,191537,London
9954,5/29/2023,798.01,Product B,106687,Tokyo
2036,5/29/2023,748.49,Product A,834928,New York
8242,5/29/2023,61.1,Product C,675898,London
1659,5/29/2023,758.71,Product D,644173,Tokyo
4110,5/29/2023,167.75,Product D,622987,Paris
5216,5/29/2023,823.38,Product D,583214,London
2133,5/29/2023,537.38,Product B,234628,Tokyo
7025,5/29/2023,592.5,Product B,913848,London
3555,5/29/2023,731.2,Product A,217830,New York
5558,5/29/2023,951.69,Product D,364525,New York
3221,5/29/2023,787.83,Product A,390794,London
2890,5/29/2023,358.72,Product D,711116,Tokyo
9475,5/29/2023,247.9,Product A,944554,Tokyo
8273,5/29/2023,86.12,Product B,655178,Paris
8300,5/29/2023,599.18,Product A,332873,Tokyo
2765,5/29/2023,420.33,Product A,909652,Tokyo
9797,5/29/2023,274.16,Product C,216970,Paris
2882,5/29/2023,285.78,Product B,946432,Tokyo
8692,5/29/2023,841.33,Product B,488712,Paris
7511,5/29/2023,211.66,Product D,287401,Paris
1833,5/30/2023,933.06,Product C,614379,Paris
5520,5/30/2023,405.44,Product D,525146,London
2728,5/30/2023,642.24,Product C,807256,Tokyo
9328,5/30/2023,921.95,Product B,825423,London
6269,5/30/2023,290.23,Product D,659572,Paris
3230,5/30/2023,772.45,Product A,262959,New York
2404,5/30/2023,622.43,Product B,847748,New York
2124,5/30/2023,957.71,Product A,890870,New York
7084,5/30/2023,98.59,Product B,624203,New York
5179,5/30/2023,111.88,Product A,339499,New York
3945,5/30/2023,589.59,Product B,512160,Tokyo
1719,5/30/2023,179.18,Product C,692960,London
3954,5/30/2023,90,Product C,761685,London
5543,5/30/2023,779.9,Product D,757193,London
3742,5/31/2023,283.34,Product A,515035,London
6432,5/31/2023,436.15,Product A,203396,Paris
2194,5/31/2023,710.6,Product B,292800,New York
8317,5/31/2023,702.32,Product B,205149,London
8342,5/31/2023,27.07,Product C,332360,Tokyo
7046,5/31/2023,711.35,Product C,654718,New York
5334,5/31/2023,793.34,Product B,545790,New York
7932,5/31/2023,383.22,Product D,726979,Tokyo
9907,5/31/2023,29.33,Product D,919898,Paris
6869,5/31/2023,790.55,Product C,116547,London
1505,5/31/2023,763.45,Product C,134283,Paris
4788,5/31/2023,17.15,Product C,297731,Tokyo
5747,5/31/2023,400.38,Product B,452497,New York
8043,5/31/2023,584.18,Product C,587575,Tokyo
3852,5/31/2023,367.88,Product B,227257,London
8951,5/31/2023,350.3,Product A,148174,New York
7889,5/31/2023,887.98,Product C,373216,Paris
2624,5/31/2023,704.76,Product B,550961,Tokyo
6850,5/31/2023,76.88,Product B,868544,New York
8657,6/1/2023,983.18,Product B,741674,New York
1086,6/1/2023,100.18,Product B,594580,Tokyo
7793,6/1/2023,336.92,Product A,604906,Tokyo
6901,6/1/2023,680,Product D,874415,New York
6210,6/1/2023,740.72,Product C,720298,New York
5557,6/1/2023,870.61,Product B,832052,Tokyo
9426,6/1/2023,513.65,Product D,145981,Paris
6549,6/1/2023,124.02,Product A,247594,London
9806,6/1/2023,667.45,Product B,898867,London
2695,6/1/2023,900.14,Product C,849014,New York
9880,6/2/2023,759.22,Product D,672892,London
4308,6/2/2023,630.95,Product C,435281,New York
5582,6/2/2023,989.2,Product A,234913,New York
6876,6/2/2023,458.07,Product B,878476,Tokyo
6381,6/2/2023,136.52,Product A,777406,Tokyo
4538,6/2/2023,871,Product C,911984,London
2133,6/2/2023,849.31,Product D,805668,Tokyo
4196,6/2/2023,390.1,Product D,529008,Tokyo
5444,6/2/2023,87.11,Product C,225200,New York
7708,6/2/2023,579.15,Product B,432427,New York
2869,6/2/2023,74.69,Product D,177680,New York
7242,6/2/2023,642.16,Product C,213609,London
3826,6/2/2023,676.85,Product C,744333,New York
8780,6/2/2023,26.47,Product C,806537,New York
6781,6/2/2023,869.04,Product D,931161,Tokyo
7342,6/2/2023,527.36,Product D,700534,London
6818,6/3/2023,637.32,Product C,674295,Paris
5803,6/3/2023,632.35,Product C,705397,London
7807,6/3/2023,487.67,Product D,355570,Tokyo
3399,6/3/2023,71.41,Product C,313910,New York
4533,6/3/2023,158.02,Product D,216587,Paris
2010,6/3/2023,783.15,Product B,237064,London
3704,6/3/2023,472.72,Product B,752483,New York
8001,6/3/2023,554.97,Product C,593687,London
2153,6/3/2023,310.87,Product B,644719,New York
4522,6/3/2023,858.01,Product B,195643,London
7251,6/3/2023,22.49,Product B,503489,Tokyo
2011,6/3/2023,552.17,Product B,700521,London
7862,6/3/2023,899.64,Product A,396439,New York
8595,6/3/2023,649.64,Product A,857750,New York
9311,6/3/2023,514.62,Product D,843167,Paris
8484,6/4/2023,309.1,Product D,994787,Tokyo
1891,6/4/2023,753.53,Product D,775990,New York
8369,6/4/2023,377.37,Product B,154040,Paris
1439,6/4/2023,848.6,Product C,315425,London
5281,6/4/2023,540.74,Product C,741603,Paris
7164,6/4/2023,740.7,Product C,208998,London
6383,6/4/2023,677.61,Product D,432043,Tokyo
2556,6/4/2023,760.62,Product A,110142,London
6319,6/4/2023,378,Product D,966286,Paris
7511,6/4/2023,806.54,Product C,194689,Tokyo
9452,6/4/2023,133.43,Product A,900185,London
4868,6/4/2023,369.06,Product C,670913,Paris
1721,6/4/2023,864.3,Product B,148215,Tokyo
4014,6/4/2023,393.59,Product D,244192,London
9054,6/4/2023,699.22,Product A,339030,London
4948,6/4/2023,233.09,Product B,944917,Tokyo
8598,6/4/2023,126.6,Product A,765213,New York
1305,6/4/2023,512.11,Product A,952117,Tokyo
4913,6/4/2023,964.36,Product B,893988,London
3262,6/4/2023,865.19,Product A,884140,London
1207,6/4/2023,425.86,Product D,210665,Tokyo
4878,6/5/2023,170.88,Product B,532322,New York
9564,6/5/2023,910.25,Product D,966662,London
5564,6/5/2023,78.73,Product C,468203,Tokyo
6323,6/5/2023,462.97,Product B,548324,Tokyo
8620,6/5/2023,289.48,Product C,443199,New York
9462,6/5/2023,380.17,Product A,640299,London
3656,6/5/2023,153.16,Product A,539963,Paris
3972,6/5/2023,151.82,Product D,172965,London
5067,6/5/2023,903.29,Product C,705748,Paris
2975,6/5/2023,428.09,Product B,600905,New York
3604,6/5/2023,933.4,Product C,197874,Paris
1514,6/5/2023,337.12,Product B,392004,Tokyo
5687,6/5/2023,540.28,Product C,530849,Paris
6328,6/5/2023,481.39,Product C,675191,Tokyo
3267,6/5/2023,257.5,Product D,489244,New York
7717,6/5/2023,658.23,Product B,178463,Tokyo
6327,6/5/2023,284.12,Product C,297509,London
9622,6/5/2023,371.24,Product A,491738,Tokyo
1878,6/5/2023,365.45,Product A,608149,London
6295,6/5/2023,971.26,Product C,258290,Tokyo
3926,6/5/2023,40.96,Product A,608947,London
3223,6/5/2023,467.08,Product A,372793,Tokyo
7622,6/5/2023,519.45,Product A,789606,Tokyo
8105,6/6/2023,689.91,Product B,459381,Tokyo
8736,6/6/2023,202.6,Product A,813763,Tokyo
5221,6/6/2023,393.3,Product A,681896,Paris
2391,6/6/2023,62.08,Product B,891083,New York
1305,6/6/2023,722.35,Product C,189913,London
6517,6/6/2023,768.64,Product B,726258,Tokyo
5990,6/6/2023,513.25,Product B,786393,Tokyo
4624,6/6/2023,221.22,Product C,447148,Paris
7997,6/6/2023,113.06,Product B,676680,Tokyo
7022,6/6/2023,306.26,Product D,911032,London
1480,6/7/2023,812.58,Product C,161437,Tokyo
9066,6/7/2023,985.51,Product C,614646,London
8622,6/7/2023,294.76,Product B,177449,Tokyo
2143,6/7/2023,201.56,Product D,572536,Paris
2926,6/7/2023,140.26,Product B,103704,Paris
2562,6/7/2023,532.88,Product A,340927,London
1230,6/7/2023,328.99,Product B,118786,New York
5107,6/7/2023,49.09,Product D,686179,Paris
3203,6/7/2023,850.9,Product C,923481,Tokyo
5114,6/7/2023,909.08,Product A,196781,Tokyo
7135,6/7/2023,388.65,Product D,493892,New York
9582,6/8/2023,143.9,Product B,788108,London
4517,6/8/2023,195.28,Product C,567676,London
9317,6/8/2023,115.35,Product C,982554,London
1803,6/8/2023,610.34,Product D,973294,Paris
2964,6/8/2023,87.7,Product D,743644,New York
8532,6/8/2023,87.08,Product C,703727,Tokyo
4729,6/8/2023,266.06,Product D,573039,Tokyo
8381,6/8/2023,448.29,Product D,420214,New York
4485,6/8/2023,46.29,Product C,669868,Tokyo
6916,6/9/2023,323.31,Product D,979727,Tokyo
7296,6/9/2023,984.6,Product C,846172,New York
5905,6/9/2023,666.75,Product B,377312,New York
8450,6/9/2023,409.92,Product A,373791,London
6544,6/9/2023,969.96,Product A,162678,Paris
4470,6/9/2023,198.12,Product A,883159,Tokyo
7018,6/9/2023,799.32,Product C,940064,New York
6860,6/9/2023,507.81,Product C,925115,Paris
4052,6/9/2023,751.51,Product C,139286,New York
3880,6/9/2023,920.44,Product D,926236,Tokyo
6761,6/10/2023,571.97,Product B,690462,London
3213,6/10/2023,700.65,Product B,719531,Tokyo
2625,6/10/2023,765.11,Product B,377501,New York
6598,6/10/2023,768.49,Product B,337547,London
2502,6/10/2023,911.4,Product D,466566,New York
7498,6/10/2023,717.86,Product A,720859,London
3443,6/10/2023,99.18,Product A,858711,New York
1509,6/10/2023,410.35,Product D,682959,London
1960,6/10/2023,845.91,Product A,536236,Tokyo
6570,6/10/2023,125.84,Product C,664032,Paris
1029,6/10/2023,704.99,Product D,992083,New York
5938,6/10/2023,219.12,Product B,901280,Paris
1990,6/10/2023,791.4,Product C,759104,Tokyo
4982,6/10/2023,624.79,Product B,972881,Paris
2970,6/10/2023,759.62,Product B,275284,London
6669,6/10/2023,941.5,Product C,987025,New York
8836,6/10/2023,545.36,Product C,512842,London
1440,6/10/2023,729.94,Product B,559753,Paris
4759,6/10/2023,804.28,Product D,467544,New York
